method,sweep,pop,working_set,run,mode,cyc_per_call,ns_per_call,dram_fills_per_call,l2_miss_per_call,freq_ghz
literal,bare,0,0,0,0,,576.9635,,,
micro,chain,64,8,0,0,331.07,87.0000,0.000155,0.028145,3.8054
micro,chain,64,8,0,1,379.16,100.0000,0.000150,0.031405,3.7916
micro,chain,64,8,1,0,332.27,87.0000,0.000140,0.029930,3.8192
micro,chain,64,8,1,1,380.26,100.0000,0.000150,0.029575,3.8026
micro,chain,64,8,2,0,332.21,87.0000,0.000140,0.031405,3.8185
micro,chain,64,8,2,1,380.12,100.0000,0.000145,0.030230,3.8012
micro,chain,64,8,3,0,332.72,87.0000,0.000140,0.029970,3.8244
micro,chain,64,8,3,1,380.62,100.0000,0.000155,0.031250,3.8062
micro,chain,64,8,4,0,332.28,87.0000,0.000150,0.031035,3.8193
micro,chain,64,8,4,1,381.15,100.0000,0.000140,0.030390,3.8115
micro,chain,64,8,5,0,334.50,87.0000,0.000145,0.031410,3.8448
micro,chain,64,8,5,1,380.21,100.0000,0.000150,0.030115,3.8021
micro,chain,64,8,6,0,332.48,87.0000,0.000130,0.030130,3.8216
micro,chain,64,8,6,1,380.19,100.0000,0.000130,0.031655,3.8019
micro,chain,64,8,7,0,333.98,87.0000,0.000150,0.030165,3.8389
micro,chain,64,8,7,1,380.28,100.0000,0.000135,0.030260,3.8028
micro,chain,64,8,8,0,332.26,87.0000,0.000140,0.031335,3.8191
micro,chain,64,8,8,1,380.22,100.0000,0.000145,0.030095,3.8022
micro,chain,64,8,9,0,333.97,87.0000,0.000135,0.030100,3.8387
micro,chain,64,8,9,1,377.95,100.0000,0.000130,0.030035,3.7795
micro,chain,64,8,10,0,332.35,87.0000,0.000130,0.031400,3.8201
micro,chain,64,8,10,1,380.30,100.0000,0.000135,0.031475,3.8030
literal,chain,64,8,0,0,,621.4090,,,
literal,chain,64,8,0,1,,627.5520,,,
micro,chain,128,8,0,0,328.95,87.0000,0.000155,0.028045,3.7810
micro,chain,128,8,0,1,381.14,100.0000,0.000140,0.031450,3.8114
micro,chain,128,8,1,0,328.88,87.0000,0.000160,0.029965,3.7802
micro,chain,128,8,1,1,382.22,100.0000,0.000120,0.031645,3.8222
micro,chain,128,8,2,0,332.01,87.0000,0.000145,0.030030,3.8162
micro,chain,128,8,2,1,383.31,100.0000,0.000140,0.030130,3.8331
micro,chain,128,8,3,0,332.83,87.0000,0.000160,0.031735,3.8256
micro,chain,128,8,3,1,382.04,100.0000,0.000145,0.030360,3.8204
micro,chain,128,8,4,0,333.07,87.0000,0.000135,0.030335,3.8283
micro,chain,128,8,4,1,376.87,100.0000,0.000135,0.030655,3.7687
micro,chain,128,8,5,0,333.38,87.0000,0.000140,0.029770,3.8320
micro,chain,128,8,5,1,380.25,100.0000,0.000135,0.030165,3.8025
micro,chain,128,8,6,0,334.55,87.0000,0.000130,0.031525,3.8454
micro,chain,128,8,6,1,380.50,100.0000,0.000140,0.030165,3.8050
micro,chain,128,8,7,0,332.10,87.0000,0.000135,0.030045,3.8173
micro,chain,128,8,7,1,380.48,100.0000,0.000135,0.031685,3.8048
micro,chain,128,8,8,0,328.87,87.0000,0.000140,0.029870,3.7801
micro,chain,128,8,8,1,379.35,100.0000,0.000140,0.030310,3.7935
micro,chain,128,8,9,0,332.18,87.0000,0.000140,0.031010,3.8181
micro,chain,128,8,9,1,380.17,100.0000,0.000110,0.029860,3.8017
micro,chain,128,8,10,0,332.31,87.0000,0.000135,0.030265,3.8196
micro,chain,128,8,10,1,380.21,100.0000,0.000145,0.031515,3.8021
literal,chain,128,8,0,0,,628.4018,,,
literal,chain,128,8,0,1,,648.2807,,,
micro,chain,256,8,0,0,328.66,87.0000,0.000155,0.028695,3.7777
micro,chain,256,8,0,1,379.37,100.0000,0.000145,0.031500,3.7937
micro,chain,256,8,1,0,332.65,87.0000,0.000145,0.031185,3.8236
micro,chain,256,8,1,1,380.76,100.0000,0.000145,0.029765,3.8076
micro,chain,256,8,2,0,333.90,87.0000,0.000145,0.029920,3.8380
micro,chain,256,8,2,1,380.22,100.0000,0.000140,0.031230,3.8022
micro,chain,256,8,3,0,332.67,87.0000,0.000115,0.031215,3.8238
micro,chain,256,8,3,1,380.20,100.0000,0.000145,0.030070,3.8020
micro,chain,256,8,4,0,332.08,87.0000,0.000140,0.029695,3.8170
micro,chain,256,8,4,1,380.30,100.0000,0.000145,0.031235,3.8030
micro,chain,256,8,5,0,332.09,87.0000,0.000135,0.031185,3.8172
micro,chain,256,8,5,1,380.20,100.0000,0.000145,0.029980,3.8020
micro,chain,256,8,6,0,332.14,87.0000,0.000140,0.029815,3.8176
micro,chain,256,8,6,1,381.98,100.0000,0.000140,0.031530,3.8198
micro,chain,256,8,7,0,332.09,87.0000,0.000140,0.031055,3.8172
micro,chain,256,8,7,1,380.32,100.0000,0.000140,0.029980,3.8032
micro,chain,256,8,8,0,332.14,87.0000,0.000125,0.029905,3.8178
micro,chain,256,8,8,1,379.26,100.0000,0.000135,0.031310,3.7926
micro,chain,256,8,9,0,332.82,87.0000,0.000135,0.031200,3.8255
micro,chain,256,8,9,1,380.61,100.0000,0.000135,0.030085,3.8061
micro,chain,256,8,10,0,332.10,87.0000,0.000140,0.029680,3.8172
micro,chain,256,8,10,1,379.18,100.0000,0.000130,0.031270,3.7918
literal,chain,256,8,0,0,,622.5689,,,
literal,chain,256,8,0,1,,629.3399,,,
micro,chain,512,8,0,0,329.95,88.0000,0.000160,0.028095,3.7494
micro,chain,512,8,0,1,381.78,101.0000,0.000130,0.031880,3.7800
micro,chain,512,8,1,0,333.80,88.0000,0.000150,0.029640,3.7932
micro,chain,512,8,1,1,381.86,101.0000,0.000130,0.030230,3.7808
micro,chain,512,8,2,0,334.51,88.0000,0.000135,0.031295,3.8013
micro,chain,512,8,2,1,378.39,101.0000,0.000150,0.029500,3.7465
micro,chain,512,8,3,0,333.17,88.0000,0.000110,0.029975,3.7860
micro,chain,512,8,3,1,381.79,101.0000,0.000145,0.031430,3.7801
micro,chain,512,8,4,0,333.19,88.0000,0.000145,0.031125,3.7863
micro,chain,512,8,4,1,381.87,101.0000,0.000145,0.030040,3.7809
micro,chain,512,8,5,0,333.66,88.0000,0.000140,0.029760,3.7916
micro,chain,512,8,5,1,381.55,101.0000,0.000150,0.031450,3.7778
micro,chain,512,8,6,0,332.88,88.0000,0.000135,0.029815,3.7827
micro,chain,512,8,6,1,381.91,101.0000,0.000135,0.029995,3.7813
micro,chain,512,8,7,0,335.08,88.0000,0.000150,0.031580,3.8077
micro,chain,512,8,7,1,381.58,101.0000,0.000135,0.030090,3.7781
micro,chain,512,8,8,0,333.38,88.0000,0.000140,0.030085,3.7884
micro,chain,512,8,8,1,382.31,101.0000,0.000135,0.031340,3.7852
micro,chain,512,8,9,0,333.21,88.0000,0.000150,0.029970,3.7865
micro,chain,512,8,9,1,382.41,101.0000,0.000130,0.030370,3.7862
micro,chain,512,8,10,0,333.24,88.0000,0.000115,0.031390,3.7869
micro,chain,512,8,10,1,381.69,101.0000,0.000130,0.030010,3.7791
literal,chain,512,8,0,0,,617.5642,,,
literal,chain,512,8,0,1,,627.8707,,,
micro,chain,1024,8,0,0,325.15,87.0000,0.000170,0.028540,3.7374
micro,chain,1024,8,0,1,383.85,101.0000,0.000150,0.031905,3.8004
micro,chain,1024,8,1,0,331.85,87.0000,0.000150,0.030515,3.8144
micro,chain,1024,8,1,1,383.47,101.0000,0.000150,0.030975,3.7968
micro,chain,1024,8,2,0,331.86,87.0000,0.000125,0.031870,3.8145
micro,chain,1024,8,2,1,383.67,101.0000,0.000155,0.030690,3.7988
micro,chain,1024,8,3,0,329.41,87.0000,0.000140,0.029805,3.7863
micro,chain,1024,8,3,1,383.78,101.0000,0.000140,0.031820,3.7998
micro,chain,1024,8,4,0,331.70,87.0000,0.000155,0.030585,3.8127
micro,chain,1024,8,4,1,385.06,101.0000,0.000155,0.030610,3.8125
micro,chain,1024,8,5,0,331.68,87.0000,0.000150,0.031980,3.8124
micro,chain,1024,8,5,1,386.59,101.0000,0.000145,0.030610,3.8277
micro,chain,1024,8,6,0,331.80,87.0000,0.000155,0.030600,3.8138
micro,chain,1024,8,6,1,383.62,101.0000,0.000130,0.032030,3.7982
micro,chain,1024,8,7,0,331.60,87.0000,0.000150,0.030355,3.8115
micro,chain,1024,8,7,1,384.14,101.0000,0.000150,0.031055,3.8033
micro,chain,1024,8,8,0,332.14,87.0000,0.000140,0.031930,3.8177
micro,chain,1024,8,8,1,384.12,101.0000,0.000160,0.030405,3.8031
micro,chain,1024,8,9,0,331.52,87.0000,0.000145,0.030475,3.8106
micro,chain,1024,8,9,1,384.51,101.0000,0.000140,0.031000,3.8071
micro,chain,1024,8,10,0,331.89,87.0000,0.000140,0.031930,3.8148
micro,chain,1024,8,10,1,383.47,101.0000,0.000150,0.030530,3.7967
literal,chain,1024,8,0,0,,619.6812,,,
literal,chain,1024,8,0,1,,638.7223,,,
micro,chain,2048,8,0,0,335.89,89.0000,0.000160,0.029820,3.7740
micro,chain,2048,8,0,1,398.61,105.0000,0.000145,0.030955,3.7963
micro,chain,2048,8,1,0,339.63,89.0000,0.000115,0.030645,3.8160
micro,chain,2048,8,1,1,398.67,105.0000,0.000150,0.031745,3.7968
micro,chain,2048,8,2,0,339.25,89.0000,0.000125,0.030840,3.8118
micro,chain,2048,8,2,1,400.10,106.0000,0.000150,0.029225,3.7745
micro,chain,2048,8,3,0,339.99,89.0000,0.000140,0.032205,3.8201
micro,chain,2048,8,3,1,398.70,105.0000,0.000150,0.030630,3.7971
micro,chain,2048,8,4,0,339.17,89.0000,0.000150,0.030860,3.8109
micro,chain,2048,8,4,1,399.15,106.0000,0.000135,0.032410,3.7656
micro,chain,2048,8,5,0,341.10,89.0000,0.000130,0.030375,3.8326
micro,chain,2048,8,5,1,399.24,106.0000,0.000155,0.029470,3.7664
micro,chain,2048,8,6,0,339.69,89.0000,0.000140,0.031940,3.8167
micro,chain,2048,8,6,1,399.08,106.0000,0.000150,0.030835,3.7649
micro,chain,2048,8,7,0,339.53,89.0000,0.000150,0.030540,3.8149
micro,chain,2048,8,7,1,399.08,106.0000,0.000145,0.032545,3.7649
micro,chain,2048,8,8,0,339.40,89.0000,0.000135,0.030525,3.8135
micro,chain,2048,8,8,1,399.45,106.0000,0.000150,0.032025,3.7684
micro,chain,2048,8,9,0,339.14,89.0000,0.000145,0.030920,3.8106
micro,chain,2048,8,9,1,399.04,106.0000,0.000150,0.032145,3.7645
micro,chain,2048,8,10,0,335.70,89.0000,0.000140,0.030745,3.7719
micro,chain,2048,8,10,1,399.10,106.0000,0.000140,0.030815,3.7651
literal,chain,2048,8,0,0,,624.0452,,,
literal,chain,2048,8,0,1,,650.4520,,,
micro,chain,4094,8,0,0,400.50,106.0000,0.000170,0.033195,3.7783
micro,chain,4094,8,0,1,531.73,142.0000,0.000145,0.033160,3.7446
micro,chain,4094,8,1,0,399.10,106.0000,0.000145,0.031590,3.7651
micro,chain,4094,8,1,1,532.24,142.0000,0.000110,0.032805,3.7482
micro,chain,4094,8,2,0,400.26,106.0000,0.000135,0.030305,3.7760
micro,chain,4094,8,2,1,533.20,141.0000,0.000130,0.033210,3.7816
micro,chain,4094,8,3,0,401.58,106.0000,0.000135,0.031260,3.7885
micro,chain,4094,8,3,1,531.92,142.0000,0.000135,0.031660,3.7459
micro,chain,4094,8,4,0,402.89,106.0000,0.000135,0.031570,3.8008
micro,chain,4094,8,4,1,531.78,142.0000,0.000145,0.032580,3.7449
micro,chain,4094,8,5,0,402.24,106.0000,0.000135,0.032680,3.7947
micro,chain,4094,8,5,1,526.30,142.0000,0.000155,0.032760,3.7064
micro,chain,4094,8,6,0,401.44,106.0000,0.000140,0.031210,3.7871
micro,chain,4094,8,6,1,531.47,142.0000,0.000150,0.031380,3.7428
micro,chain,4094,8,7,0,398.00,106.0000,0.000150,0.031585,3.7548
micro,chain,4094,8,7,1,531.22,142.0000,0.000145,0.032730,3.7410
micro,chain,4094,8,8,0,400.05,106.0000,0.000135,0.031630,3.7740
micro,chain,4094,8,8,1,531.71,142.0000,0.000145,0.030905,3.7444
micro,chain,4094,8,9,0,401.27,106.0000,0.000145,0.031490,3.7856
micro,chain,4094,8,9,1,531.33,141.0000,0.000135,0.031675,3.7683
micro,chain,4094,8,10,0,400.58,106.0000,0.000130,0.031725,3.7791
micro,chain,4094,8,10,1,532.41,142.0000,0.000155,0.032815,3.7494
literal,chain,4094,8,0,0,,654.4051,,,
literal,chain,4094,8,0,1,,694.6296,,,
micro,footprint,4094,1,0,0,401.07,106.0000,0.000175,0.028425,3.7837
micro,footprint,4094,1,0,1,518.68,138.0000,0.000140,0.031805,3.7586
micro,footprint,4094,1,1,0,402.10,106.0000,0.000135,0.030295,3.7934
micro,footprint,4094,1,1,1,518.79,138.0000,0.000145,0.031755,3.7593
micro,footprint,4094,1,2,0,399.28,106.0000,0.000135,0.030395,3.7668
micro,footprint,4094,1,2,1,520.45,138.0000,0.000130,0.031595,3.7713
micro,footprint,4094,1,3,0,401.45,106.0000,0.000130,0.030355,3.7873
micro,footprint,4094,1,3,1,518.84,138.0000,0.000130,0.030430,3.7597
micro,footprint,4094,1,4,0,401.19,106.0000,0.000135,0.031370,3.7848
micro,footprint,4094,1,4,1,517.05,138.0000,0.000140,0.030215,3.7467
micro,footprint,4094,1,5,0,401.18,106.0000,0.000130,0.030250,3.7847
micro,footprint,4094,1,5,1,519.35,138.0000,0.000135,0.031765,3.7634
micro,footprint,4094,1,6,0,401.76,106.0000,0.000145,0.029925,3.7902
micro,footprint,4094,1,6,1,520.07,139.0000,0.000140,0.031765,3.7415
micro,footprint,4094,1,7,0,403.22,106.0000,0.000140,0.030220,3.8039
micro,footprint,4094,1,7,1,520.17,139.0000,0.000140,0.031825,3.7423
micro,footprint,4094,1,8,0,401.17,106.0000,0.000140,0.030380,3.7846
micro,footprint,4094,1,8,1,518.96,138.0000,0.000145,0.033210,3.7606
micro,footprint,4094,1,9,0,401.81,106.0000,0.000140,0.031055,3.7907
micro,footprint,4094,1,9,1,518.89,138.0000,0.000130,0.030380,3.7600
micro,footprint,4094,1,10,0,403.63,107.0000,0.000135,0.030395,3.7723
micro,footprint,4094,1,10,1,519.22,138.0000,0.000145,0.032400,3.7624
micro,footprint,4094,2,0,0,401.15,106.0000,0.000145,0.030430,3.7844
micro,footprint,4094,2,0,1,517.49,138.0000,0.000145,0.030560,3.7499
micro,footprint,4094,2,1,0,401.06,106.0000,0.000140,0.031430,3.7836
micro,footprint,4094,2,1,1,513.72,138.0000,0.000145,0.030645,3.7226
micro,footprint,4094,2,2,0,402.15,106.0000,0.000145,0.030425,3.7938
micro,footprint,4094,2,2,1,520.84,138.0000,0.000150,0.029680,3.7742
micro,footprint,4094,2,3,0,401.67,106.0000,0.000135,0.030680,3.7893
micro,footprint,4094,2,3,1,517.23,138.0000,0.000145,0.033265,3.7481
micro,footprint,4094,2,4,0,401.10,106.0000,0.000140,0.030180,3.7839
micro,footprint,4094,2,4,1,517.04,138.0000,0.000135,0.033400,3.7467
micro,footprint,4094,2,5,0,401.55,106.0000,0.000135,0.030470,3.7882
micro,footprint,4094,2,5,1,520.73,138.0000,0.000135,0.031530,3.7734
micro,footprint,4094,2,6,0,401.23,106.0000,0.000135,0.030315,3.7851
micro,footprint,4094,2,6,1,518.26,138.0000,0.000135,0.031730,3.7555
micro,footprint,4094,2,7,0,401.14,106.0000,0.000140,0.030210,3.7843
micro,footprint,4094,2,7,1,519.81,138.0000,0.000145,0.032075,3.7668
micro,footprint,4094,2,8,0,401.11,106.0000,0.000125,0.030580,3.7841
micro,footprint,4094,2,8,1,513.89,138.0000,0.000130,0.031980,3.7239
micro,footprint,4094,2,9,0,403.68,106.0000,0.000110,0.030610,3.8083
micro,footprint,4094,2,9,1,517.06,138.0000,0.000135,0.030585,3.7468
micro,footprint,4094,2,10,0,403.68,106.0000,0.000145,0.030610,3.8083
micro,footprint,4094,2,10,1,517.38,138.0000,0.000130,0.031950,3.7492
micro,footprint,4094,4,0,0,401.40,106.0000,0.000135,0.030465,3.7868
micro,footprint,4094,4,0,1,521.60,138.0000,0.000140,0.030800,3.7797
micro,footprint,4094,4,1,0,401.45,106.0000,0.000135,0.032200,3.7872
micro,footprint,4094,4,1,1,519.39,138.0000,0.000145,0.030915,3.7637
micro,footprint,4094,4,2,0,401.36,106.0000,0.000135,0.030720,3.7864
micro,footprint,4094,4,2,1,520.12,138.0000,0.000140,0.030195,3.7690
micro,footprint,4094,4,3,0,401.43,106.0000,0.000140,0.030705,3.7871
micro,footprint,4094,4,3,1,521.40,138.0000,0.000140,0.031945,3.7783
micro,footprint,4094,4,4,0,401.34,106.0000,0.000145,0.030905,3.7862
micro,footprint,4094,4,4,1,519.74,138.0000,0.000155,0.031940,3.7662
micro,footprint,4094,4,5,0,403.28,106.0000,0.000140,0.031890,3.8045
micro,footprint,4094,4,5,1,520.60,138.0000,0.000150,0.030845,3.7725
micro,footprint,4094,4,6,0,401.47,106.0000,0.000145,0.030760,3.7875
micro,footprint,4094,4,6,1,519.30,138.0000,0.000135,0.032530,3.7630
micro,footprint,4094,4,7,0,401.65,106.0000,0.000135,0.029050,3.7892
micro,footprint,4094,4,7,1,519.56,138.0000,0.000140,0.030940,3.7649
micro,footprint,4094,4,8,0,401.30,106.0000,0.000140,0.030845,3.7858
micro,footprint,4094,4,8,1,519.55,138.0000,0.000130,0.032045,3.7649
micro,footprint,4094,4,9,0,401.50,106.0000,0.000160,0.031910,3.7877
micro,footprint,4094,4,9,1,519.61,138.0000,0.000135,0.032145,3.7653
micro,footprint,4094,4,10,0,402.23,106.0000,0.000140,0.030805,3.7947
micro,footprint,4094,4,10,1,521.49,138.0000,0.000145,0.032340,3.7789
micro,footprint,4094,8,0,0,401.50,106.0000,0.000145,0.031605,3.7877
micro,footprint,4094,8,0,1,526.25,140.0000,0.000130,0.030445,3.7590
micro,footprint,4094,8,1,0,401.36,106.0000,0.000140,0.031170,3.7864
micro,footprint,4094,8,1,1,528.84,141.0000,0.000135,0.032865,3.7507
micro,footprint,4094,8,2,0,401.48,106.0000,0.000135,0.031450,3.7875
micro,footprint,4094,8,2,1,525.79,140.0000,0.000145,0.032630,3.7557
micro,footprint,4094,8,3,0,402.11,106.0000,0.000145,0.031520,3.7935
micro,footprint,4094,8,3,1,527.19,140.0000,0.000130,0.032980,3.7656
micro,footprint,4094,8,4,0,403.77,106.0000,0.000140,0.031160,3.8092
micro,footprint,4094,8,4,1,527.21,140.0000,0.000140,0.032825,3.7658
micro,footprint,4094,8,5,0,401.55,106.0000,0.000140,0.031340,3.7882
micro,footprint,4094,8,5,1,527.60,140.0000,0.000140,0.032770,3.7685
micro,footprint,4094,8,6,0,401.48,106.0000,0.000130,0.031645,3.7875
micro,footprint,4094,8,6,1,527.29,140.0000,0.000135,0.033040,3.7664
micro,footprint,4094,8,7,0,401.58,106.0000,0.000175,0.032565,3.7885
micro,footprint,4094,8,7,1,525.96,140.0000,0.000145,0.033345,3.7569
micro,footprint,4094,8,8,0,401.46,106.0000,0.000140,0.031475,3.7874
micro,footprint,4094,8,8,1,527.10,140.0000,0.000140,0.032905,3.7650
micro,footprint,4094,8,9,0,397.97,106.0000,0.000150,0.032895,3.7544
micro,footprint,4094,8,9,1,522.34,140.0000,0.000150,0.029735,3.7310
micro,footprint,4094,8,10,0,401.44,106.0000,0.000135,0.031580,3.7871
micro,footprint,4094,8,10,1,524.97,140.0000,0.000145,0.032305,3.7498
micro,footprint,4094,16,0,0,426.14,113.0000,0.000135,0.034635,3.7711
micro,footprint,4094,16,0,1,542.62,144.0000,0.000155,0.032800,3.7682
micro,footprint,4094,16,1,0,426.34,113.0000,0.000135,0.033020,3.7729
micro,footprint,4094,16,1,1,540.37,144.0000,0.000150,0.034615,3.7526
micro,footprint,4094,16,2,0,426.03,113.0000,0.000145,0.033085,3.7702
micro,footprint,4094,16,2,1,539.82,144.0000,0.000130,0.033335,3.7487
micro,footprint,4094,16,3,0,426.07,113.0000,0.000130,0.034380,3.7705
micro,footprint,4094,16,3,1,540.47,144.0000,0.000135,0.033550,3.7533
micro,footprint,4094,16,4,0,425.93,113.0000,0.000140,0.033005,3.7693
micro,footprint,4094,16,4,1,541.48,144.0000,0.000140,0.034695,3.7603
micro,footprint,4094,16,5,0,426.22,113.0000,0.000145,0.033275,3.7718
micro,footprint,4094,16,5,1,539.84,144.0000,0.000140,0.033385,3.7489
micro,footprint,4094,16,6,0,425.96,113.0000,0.000145,0.034680,3.7696
micro,footprint,4094,16,6,1,540.07,144.0000,0.000145,0.033255,3.7505
micro,footprint,4094,16,7,0,425.76,113.0000,0.000145,0.033220,3.7678
micro,footprint,4094,16,7,1,539.99,144.0000,0.000135,0.034855,3.7500
micro,footprint,4094,16,8,0,426.79,113.0000,0.000145,0.033005,3.7769
micro,footprint,4094,16,8,1,540.87,144.0000,0.000140,0.034855,3.7560
micro,footprint,4094,16,9,0,426.01,113.0000,0.000150,0.033325,3.7700
micro,footprint,4094,16,9,1,541.56,144.0000,0.000155,0.032980,3.7608
micro,footprint,4094,16,10,0,426.13,113.0000,0.000145,0.032845,3.7710
micro,footprint,4094,16,10,1,539.80,144.0000,0.000135,0.034625,3.7486
micro,footprint,4094,32,0,0,553.54,148.0000,0.000185,6.908630,3.7401
micro,footprint,4094,32,0,1,712.70,191.0000,0.000175,7.781910,3.7314
micro,footprint,4094,32,1,0,553.72,148.0000,0.000150,6.908480,3.7413
micro,footprint,4094,32,1,1,713.81,191.0000,0.000130,7.752595,3.7372
micro,footprint,4094,32,2,0,553.80,148.0000,0.000130,6.907485,3.7419
micro,footprint,4094,32,2,1,711.90,191.0000,0.000125,7.737525,3.7272
micro,footprint,4094,32,3,0,553.56,148.0000,0.000135,6.907035,3.7403
micro,footprint,4094,32,3,1,711.48,191.0000,0.000130,7.692665,3.7250
micro,footprint,4094,32,4,0,555.26,148.0000,0.000140,6.907165,3.7517
micro,footprint,4094,32,4,1,711.69,192.0000,0.000140,7.853640,3.7067
micro,footprint,4094,32,5,0,554.76,148.0000,0.000140,6.908720,3.7484
micro,footprint,4094,32,5,1,711.05,191.0000,0.000140,7.707630,3.7228
micro,footprint,4094,32,6,0,553.37,148.0000,0.000140,6.907340,3.7390
micro,footprint,4094,32,6,1,712.37,191.0000,0.000140,7.764340,3.7297
micro,footprint,4094,32,7,0,555.43,148.0000,0.000135,6.945070,3.7529
micro,footprint,4094,32,7,1,713.04,190.0000,0.000150,7.707875,3.7528
micro,footprint,4094,32,8,0,552.52,147.0000,0.000140,6.873080,3.7586
micro,footprint,4094,32,8,1,706.93,191.0000,0.000390,7.812240,3.7012
micro,footprint,4094,32,9,0,550.86,147.0000,0.000155,6.824985,3.7473
micro,footprint,4094,32,9,1,710.99,191.0000,0.000145,7.753255,3.7224
micro,footprint,4094,32,10,0,555.83,148.0000,0.000145,6.975040,3.7556
micro,footprint,4094,32,10,1,700.19,187.0000,0.000110,7.715240,3.7444
micro,footprint,4094,64,0,0,947.19,255.0000,0.000135,26.699740,3.7145
micro,footprint,4094,64,0,1,1170.92,316.0000,0.000145,27.760590,3.7054
micro,footprint,4094,64,1,0,944.48,254.0000,0.000150,26.718305,3.7184
micro,footprint,4094,64,1,1,1169.92,316.0000,0.000145,27.746195,3.7023
micro,footprint,4094,64,2,0,946.88,255.0000,0.000150,26.741145,3.7132
micro,footprint,4094,64,2,1,1169.73,316.0000,0.000165,27.761085,3.7017
micro,footprint,4094,64,3,0,943.87,254.0000,0.000145,26.664690,3.7160
micro,footprint,4094,64,3,1,1170.41,316.0000,0.000145,27.750660,3.7038
micro,footprint,4094,64,4,0,946.35,255.0000,0.000140,26.750915,3.7112
micro,footprint,4094,64,4,1,1155.21,312.0000,0.000150,27.780520,3.7026
micro,footprint,4094,64,5,0,948.06,255.0000,0.000145,26.722105,3.7179
micro,footprint,4094,64,5,1,1165.96,315.0000,0.000175,27.674785,3.7015
micro,footprint,4094,64,6,0,945.26,254.0000,0.000140,26.678955,3.7215
micro,footprint,4094,64,6,1,1165.21,314.0000,0.000125,27.645560,3.7108
micro,footprint,4094,64,7,0,947.22,255.0000,0.000150,26.739935,3.7146
micro,footprint,4094,64,7,1,1170.44,316.0000,0.000140,27.761515,3.7039
micro,footprint,4094,64,8,0,945.16,255.0000,0.000115,26.758340,3.7065
micro,footprint,4094,64,8,1,1170.31,316.0000,0.000140,27.749805,3.7035
micro,footprint,4094,64,9,0,948.20,255.0000,0.000125,26.739745,3.7184
micro,footprint,4094,64,9,1,1156.49,312.0000,0.000110,27.753745,3.7067
micro,footprint,4094,64,10,0,942.35,254.0000,0.000130,26.639945,3.7100
micro,footprint,4094,64,10,1,1170.79,316.0000,0.000150,27.773205,3.7050
micro,footprint,4094,128,0,0,1006.44,271.0000,0.000160,29.413190,3.7138
micro,footprint,4094,128,0,1,1210.47,327.0000,0.000175,29.905525,3.7018
micro,footprint,4094,128,1,0,1004.40,271.0000,0.000155,29.427480,3.7063
micro,footprint,4094,128,1,1,1208.92,326.0000,0.000145,29.896190,3.7083
micro,footprint,4094,128,2,0,1005.96,271.0000,0.000150,29.414810,3.7120
micro,footprint,4094,128,2,1,1211.87,327.0000,0.000135,29.918085,3.7060
micro,footprint,4094,128,3,0,1002.17,271.0000,0.000145,29.414445,3.6980
micro,footprint,4094,128,3,1,1209.05,326.0000,0.000140,29.906015,3.7087
micro,footprint,4094,128,4,0,1007.87,271.0000,0.000145,29.427340,3.7191
micro,footprint,4094,128,4,1,1211.23,327.0000,0.000130,29.929125,3.7041
micro,footprint,4094,128,5,0,1006.96,271.0000,0.000145,29.428200,3.7157
micro,footprint,4094,128,5,1,1208.76,326.0000,0.000135,29.895055,3.7079
micro,footprint,4094,128,6,0,1004.47,271.0000,0.000145,29.405400,3.7065
micro,footprint,4094,128,6,1,1202.22,325.0000,0.000150,29.915495,3.6991
micro,footprint,4094,128,7,0,1004.72,271.0000,0.000145,29.405465,3.7074
micro,footprint,4094,128,7,1,1211.62,327.0000,0.000140,29.926575,3.7053
micro,footprint,4094,128,8,0,1005.85,271.0000,0.000145,29.427050,3.7116
micro,footprint,4094,128,8,1,1209.12,326.0000,0.000135,29.899120,3.7090
micro,footprint,4094,128,9,0,1004.03,270.0000,0.000140,29.405630,3.7186
micro,footprint,4094,128,9,1,1211.64,327.0000,0.000130,29.926340,3.7053
micro,footprint,4094,128,10,0,1005.34,271.0000,0.000110,29.427825,3.7097
micro,footprint,4094,128,10,1,1210.24,327.0000,0.000135,29.913830,3.7010
micro,footprint,4094,256,0,0,1015.50,274.0000,0.000140,30.107240,3.7062
micro,footprint,4094,256,0,1,1224.40,331.0000,0.000150,30.805320,3.6991
micro,footprint,4094,256,1,0,1015.49,274.0000,0.000135,30.102385,3.7062
micro,footprint,4094,256,1,1,1222.80,330.0000,0.000145,30.766740,3.7055
micro,footprint,4094,256,2,0,1016.07,274.0000,0.000135,30.117960,3.7083
micro,footprint,4094,256,2,1,1224.97,330.0000,0.000145,30.801110,3.7120
micro,footprint,4094,256,3,0,1016.31,274.0000,0.000145,30.115800,3.7092
micro,footprint,4094,256,3,1,1210.33,327.0000,0.000150,30.771810,3.7013
micro,footprint,4094,256,4,0,1016.79,274.0000,0.000135,30.115505,3.7109
micro,footprint,4094,256,4,1,1225.50,331.0000,0.000140,30.815960,3.7024
micro,footprint,4094,256,5,0,1016.30,274.0000,0.000140,30.115465,3.7091
micro,footprint,4094,256,5,1,1229.74,331.0000,0.000145,30.793540,3.7152
micro,footprint,4094,256,6,0,1017.44,273.0000,0.000140,30.087880,3.7269
micro,footprint,4094,256,6,1,1224.21,331.0000,0.000170,30.805525,3.6985
micro,footprint,4094,256,7,0,1017.94,274.0000,0.000135,30.101120,3.7151
micro,footprint,4094,256,7,1,1225.44,330.0000,0.000140,30.781425,3.7135
micro,footprint,4094,256,8,0,1016.74,274.0000,0.000135,30.119575,3.7107
micro,footprint,4094,256,8,1,1224.07,330.0000,0.000125,30.780340,3.7093
micro,footprint,4094,256,9,0,1016.45,274.0000,0.000130,30.115685,3.7097
micro,footprint,4094,256,9,1,1224.78,331.0000,0.000135,30.806885,3.7002
micro,footprint,4094,256,10,0,1015.59,274.0000,0.000125,30.102565,3.7065
micro,footprint,4094,256,10,1,1224.17,330.0000,0.000135,30.801655,3.7096
micro,footprint,4094,512,0,0,995.57,268.0000,0.000150,29.478320,3.7148
micro,footprint,4094,512,0,1,1185.98,320.0000,0.000175,30.208780,3.7062
micro,footprint,4094,512,1,0,997.58,268.0000,0.000145,29.478535,3.7223
micro,footprint,4094,512,1,1,1190.73,321.0000,0.000150,30.228060,3.7094
micro,footprint,4094,512,2,0,995.83,268.0000,0.000155,29.477465,3.7158
micro,footprint,4094,512,2,1,1187.71,321.0000,0.000150,30.200380,3.7000
micro,footprint,4094,512,3,0,994.93,268.0000,0.000140,29.464910,3.7124
micro,footprint,4094,512,3,1,1185.77,321.0000,0.000155,30.209975,3.6940
micro,footprint,4094,512,4,0,995.49,268.0000,0.000125,29.445340,3.7145
micro,footprint,4094,512,4,1,1180.74,319.0000,0.000160,30.201595,3.7014
micro,footprint,4094,512,5,0,994.23,268.0000,0.000145,29.452930,3.7098
micro,footprint,4094,512,5,1,1187.81,321.0000,0.000120,30.198415,3.7004
micro,footprint,4094,512,6,0,994.38,268.0000,0.000135,29.448890,3.7104
micro,footprint,4094,512,6,1,1188.87,321.0000,0.000140,30.219800,3.7037
micro,footprint,4094,512,7,0,993.92,268.0000,0.000145,29.482875,3.7086
micro,footprint,4094,512,7,1,1190.00,321.0000,0.000140,30.228385,3.7072
micro,footprint,4094,512,8,0,996.46,268.0000,0.000135,29.465775,3.7181
micro,footprint,4094,512,8,1,1186.14,320.0000,0.000135,30.213410,3.7067
micro,footprint,4094,512,9,0,994.22,268.0000,0.000135,29.445865,3.7098
micro,footprint,4094,512,9,1,1188.68,321.0000,0.000140,30.220445,3.7030
micro,footprint,4094,512,10,0,992.04,268.0000,0.000145,29.477525,3.7016
micro,footprint,4094,512,10,1,1189.91,321.0000,0.000140,30.228710,3.7069
micro,footprint,4094,1024,0,0,955.95,257.0000,0.000145,28.340295,3.7196
micro,footprint,4094,1024,0,1,1127.71,304.0000,0.000145,30.076000,3.7096
micro,footprint,4094,1024,1,0,951.89,256.0000,0.000135,28.318075,3.7183
micro,footprint,4094,1024,1,1,1127.03,304.0000,0.000135,30.059465,3.7073
micro,footprint,4094,1024,2,0,954.04,257.0000,0.000135,28.352380,3.7122
micro,footprint,4094,1024,2,1,1122.94,304.0000,0.000150,30.077475,3.6939
micro,footprint,4094,1024,3,0,953.85,257.0000,0.000145,28.350745,3.7115
micro,footprint,4094,1024,3,1,1126.25,304.0000,0.000140,30.043775,3.7048
micro,footprint,4094,1024,4,0,955.78,257.0000,0.000140,28.349845,3.7190
micro,footprint,4094,1024,4,1,1127.50,304.0000,0.000150,30.069345,3.7089
micro,footprint,4094,1024,5,0,954.53,257.0000,0.000150,28.350065,3.7141
micro,footprint,4094,1024,5,1,1127.48,304.0000,0.000140,30.065025,3.7088
micro,footprint,4094,1024,6,0,951.71,256.0000,0.000140,28.318190,3.7176
micro,footprint,4094,1024,6,1,1127.85,304.0000,0.000150,30.080425,3.7100
micro,footprint,4094,1024,7,0,953.11,257.0000,0.000135,28.341340,3.7086
micro,footprint,4094,1024,7,1,1124.34,304.0000,0.000150,30.079060,3.6985
micro,footprint,4094,1024,8,0,954.34,257.0000,0.000130,28.356395,3.7134
micro,footprint,4094,1024,8,1,1128.74,304.0000,0.000135,30.072870,3.7130
micro,footprint,4094,1024,9,0,954.27,256.0000,0.000135,28.317075,3.7276
micro,footprint,4094,1024,9,1,1122.98,304.0000,0.000150,30.051995,3.6940
micro,footprint,4094,1024,10,0,953.83,257.0000,0.000135,28.351265,3.7114
micro,footprint,4094,1024,10,1,1126.34,304.0000,0.000140,30.048845,3.7051
micro,footprint,4094,2048,0,0,850.77,229.0000,0.000120,25.229920,3.7151
micro,footprint,4094,2048,0,1,993.75,268.0000,0.000130,27.847730,3.7080
micro,footprint,4094,2048,1,0,851.58,229.0000,0.000135,25.242530,3.7187
micro,footprint,4094,2048,1,1,996.35,268.0000,0.000135,27.853370,3.7177
micro,footprint,4094,2048,2,0,849.79,228.0000,0.000125,25.212550,3.7271
micro,footprint,4094,2048,2,1,995.60,268.0000,0.000140,27.853955,3.7149
micro,footprint,4094,2048,3,0,850.19,228.0000,0.000140,25.212710,3.7289
micro,footprint,4094,2048,3,1,992.51,267.0000,0.000135,27.829795,3.7173
micro,footprint,4094,2048,4,0,850.18,228.0000,0.000140,25.211640,3.7289
micro,footprint,4094,2048,4,1,995.02,268.0000,0.000140,27.849560,3.7127
micro,footprint,4094,2048,5,0,850.83,229.0000,0.000140,25.224480,3.7154
micro,footprint,4094,2048,5,1,994.44,268.0000,0.000135,27.854275,3.7106
micro,footprint,4094,2048,6,0,852.38,228.0000,0.000135,25.212120,3.7385
micro,footprint,4094,2048,6,1,994.92,268.0000,0.000145,27.853555,3.7124
micro,footprint,4094,2048,7,0,852.79,229.0000,0.000145,25.238775,3.7240
micro,footprint,4094,2048,7,1,994.20,268.0000,0.000145,27.843350,3.7097
micro,footprint,4094,2048,8,0,849.82,228.0000,0.000145,25.211540,3.7273
micro,footprint,4094,2048,8,1,994.86,268.0000,0.000130,27.838185,3.7122
micro,footprint,4094,2048,9,0,857.01,230.0000,0.000145,25.275875,3.7261
micro,footprint,4094,2048,9,1,992.79,267.0000,0.000140,27.829325,3.7183
micro,footprint,4094,2048,10,0,850.51,228.0000,0.000130,25.212070,3.7303
micro,footprint,4094,2048,10,1,991.40,268.0000,0.000135,27.849860,3.6992
micro,footprint,4094,4094,0,0,637.39,170.0000,0.000150,17.474265,3.7493
micro,footprint,4094,4094,0,1,737.34,198.0000,0.000150,20.178600,3.7239
micro,footprint,4094,4094,1,0,637.85,171.0000,0.000145,17.476560,3.7301
micro,footprint,4094,4094,1,1,738.20,198.0000,0.000140,20.174800,3.7283
micro,footprint,4094,4094,2,0,635.52,170.0000,0.000145,17.455505,3.7383
micro,footprint,4094,4094,2,1,737.59,198.0000,0.000130,20.180155,3.7252
micro,footprint,4094,4094,3,0,636.34,170.0000,0.000155,17.463410,3.7432
micro,footprint,4094,4094,3,1,737.35,198.0000,0.000145,20.178800,3.7240
micro,footprint,4094,4094,4,0,637.27,170.0000,0.000130,17.473545,3.7486
micro,footprint,4094,4094,4,1,737.69,198.0000,0.000135,20.180030,3.7257
micro,footprint,4094,4094,5,0,637.86,170.0000,0.000130,17.473530,3.7521
micro,footprint,4094,4094,5,1,736.45,198.0000,0.000145,20.168575,3.7194
micro,footprint,4094,4094,6,0,635.66,170.0000,0.000135,17.455740,3.7392
micro,footprint,4094,4094,6,1,737.79,198.0000,0.000130,20.180125,3.7262
micro,footprint,4094,4094,7,0,635.85,170.0000,0.000155,17.457310,3.7403
micro,footprint,4094,4094,7,1,737.11,198.0000,0.000145,20.178645,3.7228
micro,footprint,4094,4094,8,0,636.19,170.0000,0.000135,17.462260,3.7423
micro,footprint,4094,4094,8,1,736.72,198.0000,0.000140,20.169595,3.7208
micro,footprint,4094,4094,9,0,636.90,170.0000,0.000150,17.468585,3.7465
micro,footprint,4094,4094,9,1,737.33,198.0000,0.000140,20.174400,3.7239
micro,footprint,4094,4094,10,0,635.73,170.0000,0.000145,17.456490,3.7396
micro,footprint,4094,4094,10,1,740.21,198.0000,0.000135,20.179425,3.7384
literal,footprint,4094,1,0,0,,655.8128,,,
literal,footprint,4094,1,0,1,,697.3635,,,
literal,footprint,4094,2,0,0,,652.7913,,,
literal,footprint,4094,2,0,1,,688.4803,,,
literal,footprint,4094,4,0,0,,659.6094,,,
literal,footprint,4094,4,0,1,,691.0671,,,
literal,footprint,4094,8,0,0,,664.7900,,,
literal,footprint,4094,8,0,1,,695.3070,,,
literal,footprint,4094,16,0,0,,653.3065,,,
literal,footprint,4094,16,0,1,,692.7348,,,
literal,footprint,4094,32,0,0,,706.8302,,,
literal,footprint,4094,32,0,1,,754.6146,,,
literal,footprint,4094,64,0,0,,776.2666,,,
literal,footprint,4094,64,0,1,,852.7315,,,
literal,footprint,4094,128,0,0,,799.8439,,,
literal,footprint,4094,128,0,1,,856.2879,,,
literal,footprint,4094,256,0,0,,794.2427,,,
literal,footprint,4094,256,0,1,,866.1076,,,
literal,footprint,4094,512,0,0,,784.2232,,,
literal,footprint,4094,512,0,1,,856.0268,,,
literal,footprint,4094,1024,0,0,,789.6066,,,
literal,footprint,4094,1024,0,1,,853.1527,,,
literal,footprint,4094,2048,0,0,,761.1414,,,
literal,footprint,4094,2048,0,1,,803.9949,,,
literal,footprint,4094,4094,0,0,,703.4755,,,
literal,footprint,4094,4094,0,1,,737.8229,,,
